{
  "version": 1,
  "author": "alto777",
  "editor": "wokwi",
  "parts": [
    { "type": "wokwi-arduino-uno", "id": "uno", "top": 0, "left": 0, "attrs": {} },
    {
      "type": "wokwi-slide-potentiometer",
      "id": "pot1",
      "top": 239.4,
      "left": 71.13,
      "attrs": { "travelLength": "30" }
    },
    {
      "type": "wokwi-led",
      "id": "led1",
      "top": -154.27,
      "left": 107.27,
      "attrs": { "color": "red" }
    },
    {
      "type": "wokwi-resistor",
      "id": "r1",
      "top": -72.4,
      "left": 48.14,
      "rotate": 90,
      "attrs": { "value": "1000" }
    }
  ],
  "connections": [
    [ "uno:5V", "pot1:VCC", "red", [ "v42.44", "h-108.85", "v48" ] ],
    [ "uno:GND.2", "pot1:GND", "black", [ "v38.44", "h158.32", "v48.67" ] ],
    [ "uno:6", "led1:A", "green", [ "v-51.72", "h-40.68" ] ],
    [ "led1:C", "r1:1", "black", [ "v6.88", "h-24.45" ] ],
    [ "uno:GND.1", "r1:2", "black", [ "v-23.72", "h-32.35" ] ],
    [ "uno:A0", "pot1:SIG", "green", [ "v32.44", "h-168.85", "v67.33" ] ]
  ],
  "dependencies": {}
}