{
  "version": 1,
  "author": "Jaska Jokunen",
  "editor": "wokwi",
  "parts": [
    { "type": "wokwi-esp32-devkit-v1", "id": "esp", "top": 32.66, "left": -191.02, "attrs": {} },
    {
      "type": "wokwi-hc-sr04",
      "id": "ultrasonic1",
      "top": -96.87,
      "left": -60.99,
      "attrs": { "distance": "17" }
    },
    { "type": "wokwi-led", "id": "led1", "top": -8.2, "left": 49.6, "attrs": { "color": "red" } },
    {
      "type": "wokwi-resistor",
      "id": "r1",
      "top": 58.14,
      "left": 45.47,
      "rotate": 90,
      "attrs": { "value": "1000" }
    },
    {
      "type": "wokwi-hc-sr04",
      "id": "ultrasonic2",
      "top": -98.01,
      "left": -335.54,
      "attrs": { "distance": "14" }
    },
    {
      "type": "wokwi-led",
      "id": "led2",
      "top": -7.89,
      "left": -328.83,
      "attrs": { "color": "green" }
    },
    {
      "type": "wokwi-resistor",
      "id": "r2",
      "top": 70.55,
      "left": -332.94,
      "rotate": 90,
      "attrs": { "value": "1000" }
    }
  ],
  "connections": [
    [ "esp:TX0", "$serialMonitor:RX", "", [] ],
    [ "esp:RX0", "$serialMonitor:TX", "", [] ],
    [ "esp:VIN", "ultrasonic1:VCC", "red", [ "h0" ] ],
    [ "esp:GND.2", "ultrasonic1:GND", "black", [ "h0" ] ],
    [ "esp:D23", "ultrasonic1:TRIG", "blue", [ "h0" ] ],
    [ "esp:D22", "ultrasonic1:ECHO", "green", [ "h0" ] ],
    [ "led1:C", "esp:GND.2", "black", [ "v0" ] ],
    [ "led1:A", "r1:1", "green", [ "v0" ] ],
    [ "ultrasonic2:VCC", "esp:3V3", "red", [ "v0" ] ],
    [ "ultrasonic2:GND", "esp:GND.2", "black", [ "v0" ] ],
    [ "led2:C", "esp:GND.2", "black", [ "v0" ] ],
    [ "led2:A", "r2:1", "green", [ "v0" ] ],
    [ "esp:D33", "ultrasonic2:ECHO", "green", [ "h0" ] ],
    [ "esp:D32", "ultrasonic2:TRIG", "green", [ "h0" ] ],
    [ "esp:D15", "r1:2", "green", [ "h0" ] ],
    [ "esp:D13", "r2:2", "green", [ "h-116.81", "v-56.26" ] ]
  ],
  "serialMonitor": { "display": "terminal", "newline": "lf" },
  "dependencies": {}
}