{
  "version": 1,
  "author": "BARAA MANASRA",
  "editor": "wokwi",
  "parts": [
    { "type": "wokwi-arduino-mega", "id": "mega", "top": 194.59, "left": 36.3, "attrs": {} },
    {
      "type": "wokwi-membrane-keypad",
      "id": "keypad1",
      "top": -215.86,
      "left": 138.7,
      "attrs": {}
    },
    {
      "type": "wokwi-dht22",
      "id": "dht1",
      "top": 239.77,
      "left": 558.11,
      "rotate": 180,
      "attrs": { "temperature": "-28", "humidity": "23.5" }
    },
    {
      "type": "wokwi-lcd2004",
      "id": "lcd1",
      "top": 183.25,
      "left": 630.3,
      "attrs": { "pins": "i2c" }
    },
    {
      "type": "wokwi-servo",
      "id": "servo1",
      "top": 460.3,
      "left": 118.04,
      "rotate": 270,
      "attrs": {}
    },
    {
      "type": "wokwi-servo",
      "id": "servo2",
      "top": 465.58,
      "left": 21.43,
      "rotate": 270,
      "attrs": {}
    },
    {
      "type": "wokwi-servo",
      "id": "servo3",
      "top": -17.76,
      "left": -22.15,
      "rotate": 270,
      "attrs": {}
    },
    {
      "type": "wokwi-ir-receiver",
      "id": "ir1",
      "top": 497.32,
      "left": 378.14,
      "rotate": 180,
      "attrs": {}
    },
    { "type": "wokwi-ir-remote", "id": "remote1", "top": -183.49, "left": 630.65, "attrs": {} },
    {
      "type": "wokwi-hc-sr04",
      "id": "ultrasonic1",
      "top": 507.83,
      "left": 648.46,
      "rotate": 180,
      "attrs": { "distance": "17" }
    }
  ],
  "connections": [
    [ "ultrasonic1:VCC", "mega:VIN", "red", [ "v0" ] ],
    [ "ir1:GND", "mega:GND.2", "gray", [ "v0" ] ],
    [ "ir1:VCC", "mega:3.3V", "red", [ "v0" ] ],
    [ "lcd1:GND", "mega:GND.5", "black", [ "h0" ] ],
    [ "lcd1:VCC", "mega:5V.2", "red", [ "h0" ] ],
    [ "servo3:GND", "mega:GND.1", "gray", [ "v0" ] ],
    [ "servo1:V+", "mega:5V.1", "red", [ "v48.65", "h615" ] ],
    [ "servo2:GND", "mega:GND.1", "gray", [ "v0" ] ],
    [ "servo1:GND", "mega:GND.1", "gray", [ "v56.11", "h382.5" ] ],
    [ "servo2:V+", "mega:5V.1", "red", [ "v0" ] ],
    [ "keypad1:R1", "mega:9", "yellow", [ "v0" ] ],
    [ "keypad1:R2", "mega:8", "yellow", [ "v0" ] ],
    [ "keypad1:R3", "mega:7", "yellow", [ "v0" ] ],
    [ "keypad1:R4", "mega:6", "yellow", [ "v0" ] ],
    [ "keypad1:C1", "mega:5", "yellow", [ "v0" ] ],
    [ "keypad1:C2", "mega:4", "yellow", [ "v0" ] ],
    [ "keypad1:C3", "mega:3", "yellow", [ "v0" ] ],
    [ "keypad1:C4", "mega:2", "yellow", [ "v0" ] ],
    [ "lcd1:SDA", "mega:20", "green", [ "h0" ] ],
    [ "lcd1:SCL", "mega:21", "green", [ "h0" ] ],
    [ "servo1:PWM", "mega:10", "green", [ "v43.23", "h402" ] ],
    [ "servo2:PWM", "mega:11", "white", [ "v0" ] ],
    [ "servo3:PWM", "mega:12", "gold", [ "v0" ] ],
    [ "servo3:V+", "mega:5V.1", "red", [ "v78.21", "h450.7" ] ],
    [ "ultrasonic1:GND", "mega:GND.3", "gray", [ "v0" ] ],
    [ "ir1:DAT", "mega:13", "green", [ "v0" ] ],
    [ "ultrasonic1:TRIG", "mega:0", "green", [ "v-31.03", "h196.16" ] ],
    [ "ultrasonic1:ECHO", "mega:1", "green", [ "v-37.12", "h23.51" ] ],
    [ "dht1:VCC", "mega:5V.2", "red", [ "v0" ] ],
    [ "dht1:SDA", "mega:16", "green", [ "v-289.37", "h-52.09" ] ],
    [ "dht1:GND", "mega:GND.5", "gray", [ "v4.84", "h-40.67", "v104.25" ] ]
  ],
  "dependencies": {}
}