{
  "version": 1,
  "author": "Anderson Costa",
  "editor": "wokwi",
  "parts": [
    {
      "type": "wokwi-attiny85",
      "id": "tiny",
      "top": 120,
      "left": 200,
      "rotate": 90,
      "hide": false,
      "attrs": {}
    },
    {
      "type": "wokwi-74hc595",
      "id": "sr1",
      "top": 60,
      "left": 180,
      "rotate": 90,
      "hide": false,
      "attrs": {}
    },
    {
      "type": "wokwi-slide-potentiometer",
      "id": "pot1",
      "top": 230,
      "left": -80,
      "rotate": 90,
      "hide": false,
      "attrs": { "value": "0" }
    },
    {
      "type": "wokwi-slide-potentiometer",
      "id": "pot2",
      "top": 230,
      "left": 40,
      "rotate": 90,
      "hide": false,
      "attrs": { "value": "0" }
    },
    {
      "type": "wokwi-led",
      "id": "led1",
      "top": 20,
      "left": 145,
      "rotate": 0,
      "hide": false,
      "attrs": { "color": "green" }
    },
    {
      "type": "wokwi-led",
      "id": "led2",
      "top": 20,
      "left": 120,
      "rotate": 0,
      "hide": false,
      "attrs": { "color": "green" }
    },
    {
      "type": "wokwi-led",
      "id": "led3",
      "top": 20,
      "left": 95,
      "rotate": 0,
      "hide": false,
      "attrs": { "color": "green" }
    },
    {
      "type": "wokwi-led",
      "id": "led4",
      "top": 20,
      "left": 70,
      "rotate": 0,
      "hide": false,
      "attrs": { "color": "green" }
    },
    {
      "type": "wokwi-led",
      "id": "led5",
      "top": 20,
      "left": 45,
      "rotate": 0,
      "hide": false,
      "attrs": { "color": "green" }
    },
    {
      "type": "wokwi-led",
      "id": "led6",
      "top": 20,
      "left": 20,
      "rotate": 0,
      "hide": false,
      "attrs": { "color": "green" }
    },
    {
      "type": "wokwi-led",
      "id": "led7",
      "top": 20,
      "left": -5,
      "rotate": 0,
      "hide": false,
      "attrs": { "color": "green" }
    },
    {
      "type": "wokwi-led",
      "id": "led8",
      "top": 20,
      "left": -30,
      "rotate": 0,
      "hide": false,
      "attrs": { "color": "green" }
    }
  ],
  "connections": [
    [ "tiny:GND", "sr1:GND", "black", [ "h-5", "v-65" ] ],
    [ "tiny:GND", "sr1:OE", "black", [ "h-5", "v10", "h40", "v-92" ] ],
    [ "sr1:Q0", "led1:A", "green", [ "h5", "v-17", "h-58", "v40", "h-6" ] ],
    [ "sr1:Q1", "led2:A", "green", [ "h-19", "v37", "h-40" ] ],
    [ "sr1:Q2", "led3:A", "green", [ "h-16", "v31", "h-64" ] ],
    [ "sr1:Q3", "led4:A", "green", [ "h-13", "v24", "h-95" ] ],
    [ "sr1:Q4", "led5:A", "green", [ "h-10", "v18", "h-131" ] ],
    [ "sr1:Q5", "led6:A", "green", [ "h-7", "v12", "h-161" ] ],
    [ "sr1:Q6", "led7:A", "green", [ "h-4", "v6", "h-194" ] ],
    [ "sr1:Q7", "led8:A", "green", [ "h0" ] ],
    [ "sr1:GND", "led1:C", "black", [ "h-5", "v-6", "h-31" ] ],
    [ "sr1:GND", "led2:C", "black", [ "h-5", "v-6", "h-31" ] ],
    [ "sr1:GND", "led3:C", "black", [ "h-5", "v-6", "h-31" ] ],
    [ "sr1:GND", "led4:C", "black", [ "h-5", "v-6", "h-31" ] ],
    [ "sr1:GND", "led5:C", "black", [ "h-5", "v-6", "h-31" ] ],
    [ "sr1:GND", "led6:C", "black", [ "h-5", "v-6", "h-31" ] ],
    [ "sr1:GND", "led7:C", "black", [ "h-5", "v-6", "h-31" ] ],
    [ "sr1:GND", "led8:C", "black", [ "h-5", "v-6", "h-31" ] ],
    [ "tiny:VCC", "sr1:VCC", "red", [ "h7", "v-81" ] ],
    [ "pot1:VCC", "tiny:VCC", "red", [ "v-15", "h202.5", "v7" ] ],
    [ "tiny:PB2", "sr1:SHCP", "green", [ "h10", "v-1" ] ],
    [ "tiny:PB1", "sr1:STCP", "green", [ "h13", "v-58" ] ],
    [ "tiny:PB0", "sr1:DS", "green", [ "h16", "v-89" ] ],
    [ "pot1:SIG", "tiny:PB3", "green", [ "v-21", "h177", "v22" ] ],
    [ "pot2:SIG", "tiny:PB4", "green", [ "v-18", "h60", "v28" ] ],
    [ "pot2:VCC", "tiny:VCC", "red", [ "v-15", "h82.5", "v-36" ] ],
    [ "pot2:GND", "tiny:GND", "black", [ "v12", "h39.5", "v-252" ] ],
    [ "pot1:GND", "tiny:GND", "black", [ "v12", "h159.5", "v-256" ] ]
  ]
}